{"cameraMode":{"drawMode":0,"name":"Shaded","section":"Shading Mode"},"sceneLighting":true,"audioPlay":false,"sceneViewState":{"m_AlwaysRefresh":false,"showFog":true,"showSkybox":true,"showFlares":true,"showImageEffects":true,"showParticleSystems":true,"showVisualEffectGraphs":true,"m_FxEnabled":true},"in2DMode":false,"pivot":{"x":28.114713668823243,"y":-0.2050234079360962,"z":-0.09330326318740845},"rotation":{"x":-0.1601930409669876,"y":0.6208987832069397,"z":-0.1315670609474182,"w":-0.7559859752655029},"size":2.4801251888275148,"orthographic":false}